304382,http://archiveofourown.org/works?utf8=%E2%9C%93&work_search%5Bsort_column%5D=kudos_count&work_search%5Bother_tag_names%5D=&work_search%5Bquery%5D=&work_search%5Blanguage_id%5D=1&work_search%5Bcomplete%5D=0&work_search%5Bcomplete%5D=1&commit=Sort+and+Filter&tag_id=Sherlock+%28TV%29
347350,http://archiveofourown.org/works?utf8=%E2%9C%93&work_search%5Bsort_column%5D=kudos_count&work_search%5Bother_tag_names%5D=&work_search%5Bquery%5D=&work_search%5Blanguage_id%5D=1&work_search%5Bcomplete%5D=0&work_search%5Bcomplete%5D=1&commit=Sort+and+Filter&tag_id=Sherlock+%28TV%29
187762,http://archiveofourown.org/works?utf8=%E2%9C%93&work_search%5Bsort_column%5D=kudos_count&work_search%5Bother_tag_names%5D=&work_search%5Bquery%5D=&work_search%5Blanguage_id%5D=1&work_search%5Bcomplete%5D=0&work_search%5Bcomplete%5D=1&commit=Sort+and+Filter&tag_id=Sherlock+%28TV%29
1134255,http://archiveofourown.org/works?utf8=%E2%9C%93&work_search%5Bsort_column%5D=kudos_count&work_search%5Bother_tag_names%5D=&work_search%5Bquery%5D=&work_search%5Blanguage_id%5D=1&work_search%5Bcomplete%5D=0&work_search%5Bcomplete%5D=1&commit=Sort+and+Filter&tag_id=Sherlock+%28TV%29
729134,http://archiveofourown.org/works?utf8=%E2%9C%93&work_search%5Bsort_column%5D=kudos_count&work_search%5Bother_tag_names%5D=&work_search%5Bquery%5D=&work_search%5Blanguage_id%5D=1&work_search%5Bcomplete%5D=0&work_search%5Bcomplete%5D=1&commit=Sort+and+Filter&tag_id=Sherlock+%28TV%29
1031893,http://archiveofourown.org/works?utf8=%E2%9C%93&work_search%5Bsort_column%5D=kudos_count&work_search%5Bother_tag_names%5D=&work_search%5Bquery%5D=&work_search%5Blanguage_id%5D=1&work_search%5Bcomplete%5D=0&work_search%5Bcomplete%5D=1&commit=Sort+and+Filter&tag_id=Sherlock+%28TV%29
342490,http://archiveofourown.org/works?utf8=%E2%9C%93&work_search%5Bsort_column%5D=kudos_count&work_search%5Bother_tag_names%5D=&work_search%5Bquery%5D=&work_search%5Blanguage_id%5D=1&work_search%5Bcomplete%5D=0&work_search%5Bcomplete%5D=1&commit=Sort+and+Filter&tag_id=Sherlock+%28TV%29
900516,http://archiveofourown.org/works?utf8=%E2%9C%93&work_search%5Bsort_column%5D=kudos_count&work_search%5Bother_tag_names%5D=&work_search%5Bquery%5D=&work_search%5Blanguage_id%5D=1&work_search%5Bcomplete%5D=0&work_search%5Bcomplete%5D=1&commit=Sort+and+Filter&tag_id=Sherlock+%28TV%29
440212,http://archiveofourown.org/works?utf8=%E2%9C%93&work_search%5Bsort_column%5D=kudos_count&work_search%5Bother_tag_names%5D=&work_search%5Bquery%5D=&work_search%5Blanguage_id%5D=1&work_search%5Bcomplete%5D=0&work_search%5Bcomplete%5D=1&commit=Sort+and+Filter&tag_id=Sherlock+%28TV%29
2407925,http://archiveofourown.org/works?utf8=%E2%9C%93&work_search%5Bsort_column%5D=kudos_count&work_search%5Bother_tag_names%5D=&work_search%5Bquery%5D=&work_search%5Blanguage_id%5D=1&work_search%5Bcomplete%5D=0&work_search%5Bcomplete%5D=1&commit=Sort+and+Filter&tag_id=Sherlock+%28TV%29
335385,http://archiveofourown.org/works?utf8=%E2%9C%93&work_search%5Bsort_column%5D=kudos_count&work_search%5Bother_tag_names%5D=&work_search%5Bquery%5D=&work_search%5Blanguage_id%5D=1&work_search%5Bcomplete%5D=0&work_search%5Bcomplete%5D=1&commit=Sort+and+Filter&tag_id=Sherlock+%28TV%29
2685035,http://archiveofourown.org/works?utf8=%E2%9C%93&work_search%5Bsort_column%5D=kudos_count&work_search%5Bother_tag_names%5D=&work_search%5Bquery%5D=&work_search%5Blanguage_id%5D=1&work_search%5Bcomplete%5D=0&work_search%5Bcomplete%5D=1&commit=Sort+and+Filter&tag_id=Sherlock+%28TV%29
147628,http://archiveofourown.org/works?utf8=%E2%9C%93&work_search%5Bsort_column%5D=kudos_count&work_search%5Bother_tag_names%5D=&work_search%5Bquery%5D=&work_search%5Blanguage_id%5D=1&work_search%5Bcomplete%5D=0&work_search%5Bcomplete%5D=1&commit=Sort+and+Filter&tag_id=Sherlock+%28TV%29
210785,http://archiveofourown.org/works?utf8=%E2%9C%93&work_search%5Bsort_column%5D=kudos_count&work_search%5Bother_tag_names%5D=&work_search%5Bquery%5D=&work_search%5Blanguage_id%5D=1&work_search%5Bcomplete%5D=0&work_search%5Bcomplete%5D=1&commit=Sort+and+Filter&tag_id=Sherlock+%28TV%29
456139,http://archiveofourown.org/works?utf8=%E2%9C%93&work_search%5Bsort_column%5D=kudos_count&work_search%5Bother_tag_names%5D=&work_search%5Bquery%5D=&work_search%5Blanguage_id%5D=1&work_search%5Bcomplete%5D=0&work_search%5Bcomplete%5D=1&commit=Sort+and+Filter&tag_id=Sherlock+%28TV%29
466922,http://archiveofourown.org/works?utf8=%E2%9C%93&work_search%5Bsort_column%5D=kudos_count&work_search%5Bother_tag_names%5D=&work_search%5Bquery%5D=&work_search%5Blanguage_id%5D=1&work_search%5Bcomplete%5D=0&work_search%5Bcomplete%5D=1&commit=Sort+and+Filter&tag_id=Sherlock+%28TV%29
173274,http://archiveofourown.org/works?utf8=%E2%9C%93&work_search%5Bsort_column%5D=kudos_count&work_search%5Bother_tag_names%5D=&work_search%5Bquery%5D=&work_search%5Blanguage_id%5D=1&work_search%5Bcomplete%5D=0&work_search%5Bcomplete%5D=1&commit=Sort+and+Filter&tag_id=Sherlock+%28TV%29
639976,http://archiveofourown.org/works?utf8=%E2%9C%93&work_search%5Bsort_column%5D=kudos_count&work_search%5Bother_tag_names%5D=&work_search%5Bquery%5D=&work_search%5Blanguage_id%5D=1&work_search%5Bcomplete%5D=0&work_search%5Bcomplete%5D=1&commit=Sort+and+Filter&tag_id=Sherlock+%28TV%29
256293,http://archiveofourown.org/works?utf8=%E2%9C%93&work_search%5Bsort_column%5D=kudos_count&work_search%5Bother_tag_names%5D=&work_search%5Bquery%5D=&work_search%5Blanguage_id%5D=1&work_search%5Bcomplete%5D=0&work_search%5Bcomplete%5D=1&commit=Sort+and+Filter&tag_id=Sherlock+%28TV%29
322377,http://archiveofourown.org/works?utf8=%E2%9C%93&work_search%5Bsort_column%5D=kudos_count&work_search%5Bother_tag_names%5D=&work_search%5Bquery%5D=&work_search%5Blanguage_id%5D=1&work_search%5Bcomplete%5D=0&work_search%5Bcomplete%5D=1&commit=Sort+and+Filter&tag_id=Sherlock+%28TV%29
514787,http://archiveofourown.org/works?utf8=%E2%9C%93&work_search%5Bsort_column%5D=kudos_count&work_search%5Bother_tag_names%5D=&work_search%5Bquery%5D=&work_search%5Blanguage_id%5D=1&work_search%5Bcomplete%5D=0&work_search%5Bcomplete%5D=1&commit=Sort+and+Filter&tag_id=Sherlock+%28TV%29&page=2
453655,http://archiveofourown.org/works?utf8=%E2%9C%93&work_search%5Bsort_column%5D=kudos_count&work_search%5Bother_tag_names%5D=&work_search%5Bquery%5D=&work_search%5Blanguage_id%5D=1&work_search%5Bcomplete%5D=0&work_search%5Bcomplete%5D=1&commit=Sort+and+Filter&tag_id=Sherlock+%28TV%29&page=2
2364500,http://archiveofourown.org/works?utf8=%E2%9C%93&work_search%5Bsort_column%5D=kudos_count&work_search%5Bother_tag_names%5D=&work_search%5Bquery%5D=&work_search%5Blanguage_id%5D=1&work_search%5Bcomplete%5D=0&work_search%5Bcomplete%5D=1&commit=Sort+and+Filter&tag_id=Sherlock+%28TV%29&page=2
518235,http://archiveofourown.org/works?utf8=%E2%9C%93&work_search%5Bsort_column%5D=kudos_count&work_search%5Bother_tag_names%5D=&work_search%5Bquery%5D=&work_search%5Blanguage_id%5D=1&work_search%5Bcomplete%5D=0&work_search%5Bcomplete%5D=1&commit=Sort+and+Filter&tag_id=Sherlock+%28TV%29&page=2
3140567,http://archiveofourown.org/works?utf8=%E2%9C%93&work_search%5Bsort_column%5D=kudos_count&work_search%5Bother_tag_names%5D=&work_search%5Bquery%5D=&work_search%5Blanguage_id%5D=1&work_search%5Bcomplete%5D=0&work_search%5Bcomplete%5D=1&commit=Sort+and+Filter&tag_id=Sherlock+%28TV%29&page=2
1113600,http://archiveofourown.org/works?utf8=%E2%9C%93&work_search%5Bsort_column%5D=kudos_count&work_search%5Bother_tag_names%5D=&work_search%5Bquery%5D=&work_search%5Blanguage_id%5D=1&work_search%5Bcomplete%5D=0&work_search%5Bcomplete%5D=1&commit=Sort+and+Filter&tag_id=Sherlock+%28TV%29&page=2
106704,http://archiveofourown.org/works?utf8=%E2%9C%93&work_search%5Bsort_column%5D=kudos_count&work_search%5Bother_tag_names%5D=&work_search%5Bquery%5D=&work_search%5Blanguage_id%5D=1&work_search%5Bcomplete%5D=0&work_search%5Bcomplete%5D=1&commit=Sort+and+Filter&tag_id=Sherlock+%28TV%29&page=2
367831,http://archiveofourown.org/works?utf8=%E2%9C%93&work_search%5Bsort_column%5D=kudos_count&work_search%5Bother_tag_names%5D=&work_search%5Bquery%5D=&work_search%5Blanguage_id%5D=1&work_search%5Bcomplete%5D=0&work_search%5Bcomplete%5D=1&commit=Sort+and+Filter&tag_id=Sherlock+%28TV%29&page=2
394956,http://archiveofourown.org/works?utf8=%E2%9C%93&work_search%5Bsort_column%5D=kudos_count&work_search%5Bother_tag_names%5D=&work_search%5Bquery%5D=&work_search%5Blanguage_id%5D=1&work_search%5Bcomplete%5D=0&work_search%5Bcomplete%5D=1&commit=Sort+and+Filter&tag_id=Sherlock+%28TV%29&page=2
334579,http://archiveofourown.org/works?utf8=%E2%9C%93&work_search%5Bsort_column%5D=kudos_count&work_search%5Bother_tag_names%5D=&work_search%5Bquery%5D=&work_search%5Blanguage_id%5D=1&work_search%5Bcomplete%5D=0&work_search%5Bcomplete%5D=1&commit=Sort+and+Filter&tag_id=Sherlock+%28TV%29&page=2
4207356,http://archiveofourown.org/works?utf8=%E2%9C%93&work_search%5Bsort_column%5D=kudos_count&work_search%5Bother_tag_names%5D=&work_search%5Bquery%5D=&work_search%5Blanguage_id%5D=1&work_search%5Bcomplete%5D=0&work_search%5Bcomplete%5D=1&commit=Sort+and+Filter&tag_id=Sherlock+%28TV%29&page=2
1103555,http://archiveofourown.org/works?utf8=%E2%9C%93&work_search%5Bsort_column%5D=kudos_count&work_search%5Bother_tag_names%5D=&work_search%5Bquery%5D=&work_search%5Blanguage_id%5D=1&work_search%5Bcomplete%5D=0&work_search%5Bcomplete%5D=1&commit=Sort+and+Filter&tag_id=Sherlock+%28TV%29&page=2
582059,http://archiveofourown.org/works?utf8=%E2%9C%93&work_search%5Bsort_column%5D=kudos_count&work_search%5Bother_tag_names%5D=&work_search%5Bquery%5D=&work_search%5Blanguage_id%5D=1&work_search%5Bcomplete%5D=0&work_search%5Bcomplete%5D=1&commit=Sort+and+Filter&tag_id=Sherlock+%28TV%29&page=2
442317,http://archiveofourown.org/works?utf8=%E2%9C%93&work_search%5Bsort_column%5D=kudos_count&work_search%5Bother_tag_names%5D=&work_search%5Bquery%5D=&work_search%5Blanguage_id%5D=1&work_search%5Bcomplete%5D=0&work_search%5Bcomplete%5D=1&commit=Sort+and+Filter&tag_id=Sherlock+%28TV%29&page=2
1187922,http://archiveofourown.org/works?utf8=%E2%9C%93&work_search%5Bsort_column%5D=kudos_count&work_search%5Bother_tag_names%5D=&work_search%5Bquery%5D=&work_search%5Blanguage_id%5D=1&work_search%5Bcomplete%5D=0&work_search%5Bcomplete%5D=1&commit=Sort+and+Filter&tag_id=Sherlock+%28TV%29&page=2
477669,http://archiveofourown.org/works?utf8=%E2%9C%93&work_search%5Bsort_column%5D=kudos_count&work_search%5Bother_tag_names%5D=&work_search%5Bquery%5D=&work_search%5Blanguage_id%5D=1&work_search%5Bcomplete%5D=0&work_search%5Bcomplete%5D=1&commit=Sort+and+Filter&tag_id=Sherlock+%28TV%29&page=2
520485,http://archiveofourown.org/works?utf8=%E2%9C%93&work_search%5Bsort_column%5D=kudos_count&work_search%5Bother_tag_names%5D=&work_search%5Bquery%5D=&work_search%5Blanguage_id%5D=1&work_search%5Bcomplete%5D=0&work_search%5Bcomplete%5D=1&commit=Sort+and+Filter&tag_id=Sherlock+%28TV%29&page=2
360739,http://archiveofourown.org/works?utf8=%E2%9C%93&work_search%5Bsort_column%5D=kudos_count&work_search%5Bother_tag_names%5D=&work_search%5Bquery%5D=&work_search%5Blanguage_id%5D=1&work_search%5Bcomplete%5D=0&work_search%5Bcomplete%5D=1&commit=Sort+and+Filter&tag_id=Sherlock+%28TV%29&page=2
404258,http://archiveofourown.org/works?utf8=%E2%9C%93&work_search%5Bsort_column%5D=kudos_count&work_search%5Bother_tag_names%5D=&work_search%5Bquery%5D=&work_search%5Blanguage_id%5D=1&work_search%5Bcomplete%5D=0&work_search%5Bcomplete%5D=1&commit=Sort+and+Filter&tag_id=Sherlock+%28TV%29&page=2
552777,http://archiveofourown.org/works?utf8=%E2%9C%93&work_search%5Bsort_column%5D=kudos_count&work_search%5Bother_tag_names%5D=&work_search%5Bquery%5D=&work_search%5Blanguage_id%5D=1&work_search%5Bcomplete%5D=0&work_search%5Bcomplete%5D=1&commit=Sort+and+Filter&tag_id=Sherlock+%28TV%29&page=2
9466988,http://archiveofourown.org/works?utf8=%E2%9C%93&work_search%5Bsort_column%5D=kudos_count&work_search%5Bother_tag_names%5D=&work_search%5Bquery%5D=&work_search%5Blanguage_id%5D=1&work_search%5Bcomplete%5D=0&work_search%5Bcomplete%5D=1&commit=Sort+and+Filter&tag_id=Sherlock+%28TV%29&page=3
292610,http://archiveofourown.org/works?utf8=%E2%9C%93&work_search%5Bsort_column%5D=kudos_count&work_search%5Bother_tag_names%5D=&work_search%5Bquery%5D=&work_search%5Blanguage_id%5D=1&work_search%5Bcomplete%5D=0&work_search%5Bcomplete%5D=1&commit=Sort+and+Filter&tag_id=Sherlock+%28TV%29&page=3
171013,http://archiveofourown.org/works?utf8=%E2%9C%93&work_search%5Bsort_column%5D=kudos_count&work_search%5Bother_tag_names%5D=&work_search%5Bquery%5D=&work_search%5Blanguage_id%5D=1&work_search%5Bcomplete%5D=0&work_search%5Bcomplete%5D=1&commit=Sort+and+Filter&tag_id=Sherlock+%28TV%29&page=3
346797,http://archiveofourown.org/works?utf8=%E2%9C%93&work_search%5Bsort_column%5D=kudos_count&work_search%5Bother_tag_names%5D=&work_search%5Bquery%5D=&work_search%5Blanguage_id%5D=1&work_search%5Bcomplete%5D=0&work_search%5Bcomplete%5D=1&commit=Sort+and+Filter&tag_id=Sherlock+%28TV%29&page=3
427053,http://archiveofourown.org/works?utf8=%E2%9C%93&work_search%5Bsort_column%5D=kudos_count&work_search%5Bother_tag_names%5D=&work_search%5Bquery%5D=&work_search%5Blanguage_id%5D=1&work_search%5Bcomplete%5D=0&work_search%5Bcomplete%5D=1&commit=Sort+and+Filter&tag_id=Sherlock+%28TV%29&page=3
472711,http://archiveofourown.org/works?utf8=%E2%9C%93&work_search%5Bsort_column%5D=kudos_count&work_search%5Bother_tag_names%5D=&work_search%5Bquery%5D=&work_search%5Blanguage_id%5D=1&work_search%5Bcomplete%5D=0&work_search%5Bcomplete%5D=1&commit=Sort+and+Filter&tag_id=Sherlock+%28TV%29&page=3
856874,http://archiveofourown.org/works?utf8=%E2%9C%93&work_search%5Bsort_column%5D=kudos_count&work_search%5Bother_tag_names%5D=&work_search%5Bquery%5D=&work_search%5Blanguage_id%5D=1&work_search%5Bcomplete%5D=0&work_search%5Bcomplete%5D=1&commit=Sort+and+Filter&tag_id=Sherlock+%28TV%29&page=3
380265,http://archiveofourown.org/works?utf8=%E2%9C%93&work_search%5Bsort_column%5D=kudos_count&work_search%5Bother_tag_names%5D=&work_search%5Bquery%5D=&work_search%5Blanguage_id%5D=1&work_search%5Bcomplete%5D=0&work_search%5Bcomplete%5D=1&commit=Sort+and+Filter&tag_id=Sherlock+%28TV%29&page=3
403644,http://archiveofourown.org/works?utf8=%E2%9C%93&work_search%5Bsort_column%5D=kudos_count&work_search%5Bother_tag_names%5D=&work_search%5Bquery%5D=&work_search%5Blanguage_id%5D=1&work_search%5Bcomplete%5D=0&work_search%5Bcomplete%5D=1&commit=Sort+and+Filter&tag_id=Sherlock+%28TV%29&page=3
406543,http://archiveofourown.org/works?utf8=%E2%9C%93&work_search%5Bsort_column%5D=kudos_count&work_search%5Bother_tag_names%5D=&work_search%5Bquery%5D=&work_search%5Blanguage_id%5D=1&work_search%5Bcomplete%5D=0&work_search%5Bcomplete%5D=1&commit=Sort+and+Filter&tag_id=Sherlock+%28TV%29&page=3
1115333,http://archiveofourown.org/works?utf8=%E2%9C%93&work_search%5Bsort_column%5D=kudos_count&work_search%5Bother_tag_names%5D=&work_search%5Bquery%5D=&work_search%5Blanguage_id%5D=1&work_search%5Bcomplete%5D=0&work_search%5Bcomplete%5D=1&commit=Sort+and+Filter&tag_id=Sherlock+%28TV%29&page=3
180121,http://archiveofourown.org/works?utf8=%E2%9C%93&work_search%5Bsort_column%5D=kudos_count&work_search%5Bother_tag_names%5D=&work_search%5Bquery%5D=&work_search%5Blanguage_id%5D=1&work_search%5Bcomplete%5D=0&work_search%5Bcomplete%5D=1&commit=Sort+and+Filter&tag_id=Sherlock+%28TV%29&page=3
3281534,http://archiveofourown.org/works?utf8=%E2%9C%93&work_search%5Bsort_column%5D=kudos_count&work_search%5Bother_tag_names%5D=&work_search%5Bquery%5D=&work_search%5Blanguage_id%5D=1&work_search%5Bcomplete%5D=0&work_search%5Bcomplete%5D=1&commit=Sort+and+Filter&tag_id=Sherlock+%28TV%29&page=3
496440,http://archiveofourown.org/works?utf8=%E2%9C%93&work_search%5Bsort_column%5D=kudos_count&work_search%5Bother_tag_names%5D=&work_search%5Bquery%5D=&work_search%5Blanguage_id%5D=1&work_search%5Bcomplete%5D=0&work_search%5Bcomplete%5D=1&commit=Sort+and+Filter&tag_id=Sherlock+%28TV%29&page=3
339204,http://archiveofourown.org/works?utf8=%E2%9C%93&work_search%5Bsort_column%5D=kudos_count&work_search%5Bother_tag_names%5D=&work_search%5Bquery%5D=&work_search%5Blanguage_id%5D=1&work_search%5Bcomplete%5D=0&work_search%5Bcomplete%5D=1&commit=Sort+and+Filter&tag_id=Sherlock+%28TV%29&page=3
635897,http://archiveofourown.org/works?utf8=%E2%9C%93&work_search%5Bsort_column%5D=kudos_count&work_search%5Bother_tag_names%5D=&work_search%5Bquery%5D=&work_search%5Blanguage_id%5D=1&work_search%5Bcomplete%5D=0&work_search%5Bcomplete%5D=1&commit=Sort+and+Filter&tag_id=Sherlock+%28TV%29&page=3
7029433,http://archiveofourown.org/works?utf8=%E2%9C%93&work_search%5Bsort_column%5D=kudos_count&work_search%5Bother_tag_names%5D=&work_search%5Bquery%5D=&work_search%5Blanguage_id%5D=1&work_search%5Bcomplete%5D=0&work_search%5Bcomplete%5D=1&commit=Sort+and+Filter&tag_id=Sherlock+%28TV%29&page=3
2647979,http://archiveofourown.org/works?utf8=%E2%9C%93&work_search%5Bsort_column%5D=kudos_count&work_search%5Bother_tag_names%5D=&work_search%5Bquery%5D=&work_search%5Blanguage_id%5D=1&work_search%5Bcomplete%5D=0&work_search%5Bcomplete%5D=1&commit=Sort+and+Filter&tag_id=Sherlock+%28TV%29&page=3
1325305,http://archiveofourown.org/works?utf8=%E2%9C%93&work_search%5Bsort_column%5D=kudos_count&work_search%5Bother_tag_names%5D=&work_search%5Bquery%5D=&work_search%5Blanguage_id%5D=1&work_search%5Bcomplete%5D=0&work_search%5Bcomplete%5D=1&commit=Sort+and+Filter&tag_id=Sherlock+%28TV%29&page=3
498449,http://archiveofourown.org/works?utf8=%E2%9C%93&work_search%5Bsort_column%5D=kudos_count&work_search%5Bother_tag_names%5D=&work_search%5Bquery%5D=&work_search%5Blanguage_id%5D=1&work_search%5Bcomplete%5D=0&work_search%5Bcomplete%5D=1&commit=Sort+and+Filter&tag_id=Sherlock+%28TV%29&page=3
333574,http://archiveofourown.org/works?utf8=%E2%9C%93&work_search%5Bsort_column%5D=kudos_count&work_search%5Bother_tag_names%5D=&work_search%5Bquery%5D=&work_search%5Blanguage_id%5D=1&work_search%5Bcomplete%5D=0&work_search%5Bcomplete%5D=1&commit=Sort+and+Filter&tag_id=Sherlock+%28TV%29&page=4
368646,http://archiveofourown.org/works?utf8=%E2%9C%93&work_search%5Bsort_column%5D=kudos_count&work_search%5Bother_tag_names%5D=&work_search%5Bquery%5D=&work_search%5Blanguage_id%5D=1&work_search%5Bcomplete%5D=0&work_search%5Bcomplete%5D=1&commit=Sort+and+Filter&tag_id=Sherlock+%28TV%29&page=4
713274,http://archiveofourown.org/works?utf8=%E2%9C%93&work_search%5Bsort_column%5D=kudos_count&work_search%5Bother_tag_names%5D=&work_search%5Bquery%5D=&work_search%5Blanguage_id%5D=1&work_search%5Bcomplete%5D=0&work_search%5Bcomplete%5D=1&commit=Sort+and+Filter&tag_id=Sherlock+%28TV%29&page=4
6442555,http://archiveofourown.org/works?utf8=%E2%9C%93&work_search%5Bsort_column%5D=kudos_count&work_search%5Bother_tag_names%5D=&work_search%5Bquery%5D=&work_search%5Blanguage_id%5D=1&work_search%5Bcomplete%5D=0&work_search%5Bcomplete%5D=1&commit=Sort+and+Filter&tag_id=Sherlock+%28TV%29&page=4
472082,http://archiveofourown.org/works?utf8=%E2%9C%93&work_search%5Bsort_column%5D=kudos_count&work_search%5Bother_tag_names%5D=&work_search%5Bquery%5D=&work_search%5Blanguage_id%5D=1&work_search%5Bcomplete%5D=0&work_search%5Bcomplete%5D=1&commit=Sort+and+Filter&tag_id=Sherlock+%28TV%29&page=4
7051753,http://archiveofourown.org/works?utf8=%E2%9C%93&work_search%5Bsort_column%5D=kudos_count&work_search%5Bother_tag_names%5D=&work_search%5Bquery%5D=&work_search%5Blanguage_id%5D=1&work_search%5Bcomplete%5D=0&work_search%5Bcomplete%5D=1&commit=Sort+and+Filter&tag_id=Sherlock+%28TV%29&page=4
1009260,http://archiveofourown.org/works?utf8=%E2%9C%93&work_search%5Bsort_column%5D=kudos_count&work_search%5Bother_tag_names%5D=&work_search%5Bquery%5D=&work_search%5Blanguage_id%5D=1&work_search%5Bcomplete%5D=0&work_search%5Bcomplete%5D=1&commit=Sort+and+Filter&tag_id=Sherlock+%28TV%29&page=4
322978,http://archiveofourown.org/works?utf8=%E2%9C%93&work_search%5Bsort_column%5D=kudos_count&work_search%5Bother_tag_names%5D=&work_search%5Bquery%5D=&work_search%5Blanguage_id%5D=1&work_search%5Bcomplete%5D=0&work_search%5Bcomplete%5D=1&commit=Sort+and+Filter&tag_id=Sherlock+%28TV%29&page=4
641558,http://archiveofourown.org/works?utf8=%E2%9C%93&work_search%5Bsort_column%5D=kudos_count&work_search%5Bother_tag_names%5D=&work_search%5Bquery%5D=&work_search%5Blanguage_id%5D=1&work_search%5Bcomplete%5D=0&work_search%5Bcomplete%5D=1&commit=Sort+and+Filter&tag_id=Sherlock+%28TV%29&page=4
3891076,http://archiveofourown.org/works?utf8=%E2%9C%93&work_search%5Bsort_column%5D=kudos_count&work_search%5Bother_tag_names%5D=&work_search%5Bquery%5D=&work_search%5Blanguage_id%5D=1&work_search%5Bcomplete%5D=0&work_search%5Bcomplete%5D=1&commit=Sort+and+Filter&tag_id=Sherlock+%28TV%29&page=4
1009546,http://archiveofourown.org/works?utf8=%E2%9C%93&work_search%5Bsort_column%5D=kudos_count&work_search%5Bother_tag_names%5D=&work_search%5Bquery%5D=&work_search%5Blanguage_id%5D=1&work_search%5Bcomplete%5D=0&work_search%5Bcomplete%5D=1&commit=Sort+and+Filter&tag_id=Sherlock+%28TV%29&page=4
317577,http://archiveofourown.org/works?utf8=%E2%9C%93&work_search%5Bsort_column%5D=kudos_count&work_search%5Bother_tag_names%5D=&work_search%5Bquery%5D=&work_search%5Blanguage_id%5D=1&work_search%5Bcomplete%5D=0&work_search%5Bcomplete%5D=1&commit=Sort+and+Filter&tag_id=Sherlock+%28TV%29&page=4
518303,http://archiveofourown.org/works?utf8=%E2%9C%93&work_search%5Bsort_column%5D=kudos_count&work_search%5Bother_tag_names%5D=&work_search%5Bquery%5D=&work_search%5Blanguage_id%5D=1&work_search%5Bcomplete%5D=0&work_search%5Bcomplete%5D=1&commit=Sort+and+Filter&tag_id=Sherlock+%28TV%29&page=4
1229038,http://archiveofourown.org/works?utf8=%E2%9C%93&work_search%5Bsort_column%5D=kudos_count&work_search%5Bother_tag_names%5D=&work_search%5Bquery%5D=&work_search%5Blanguage_id%5D=1&work_search%5Bcomplete%5D=0&work_search%5Bcomplete%5D=1&commit=Sort+and+Filter&tag_id=Sherlock+%28TV%29&page=4
719229,http://archiveofourown.org/works?utf8=%E2%9C%93&work_search%5Bsort_column%5D=kudos_count&work_search%5Bother_tag_names%5D=&work_search%5Bquery%5D=&work_search%5Blanguage_id%5D=1&work_search%5Bcomplete%5D=0&work_search%5Bcomplete%5D=1&commit=Sort+and+Filter&tag_id=Sherlock+%28TV%29&page=4
952093,http://archiveofourown.org/works?utf8=%E2%9C%93&work_search%5Bsort_column%5D=kudos_count&work_search%5Bother_tag_names%5D=&work_search%5Bquery%5D=&work_search%5Blanguage_id%5D=1&work_search%5Bcomplete%5D=0&work_search%5Bcomplete%5D=1&commit=Sort+and+Filter&tag_id=Sherlock+%28TV%29&page=4
1014894,http://archiveofourown.org/works?utf8=%E2%9C%93&work_search%5Bsort_column%5D=kudos_count&work_search%5Bother_tag_names%5D=&work_search%5Bquery%5D=&work_search%5Blanguage_id%5D=1&work_search%5Bcomplete%5D=0&work_search%5Bcomplete%5D=1&commit=Sort+and+Filter&tag_id=Sherlock+%28TV%29&page=4
1042843,http://archiveofourown.org/works?utf8=%E2%9C%93&work_search%5Bsort_column%5D=kudos_count&work_search%5Bother_tag_names%5D=&work_search%5Bquery%5D=&work_search%5Blanguage_id%5D=1&work_search%5Bcomplete%5D=0&work_search%5Bcomplete%5D=1&commit=Sort+and+Filter&tag_id=Sherlock+%28TV%29&page=4
573019,http://archiveofourown.org/works?utf8=%E2%9C%93&work_search%5Bsort_column%5D=kudos_count&work_search%5Bother_tag_names%5D=&work_search%5Bquery%5D=&work_search%5Blanguage_id%5D=1&work_search%5Bcomplete%5D=0&work_search%5Bcomplete%5D=1&commit=Sort+and+Filter&tag_id=Sherlock+%28TV%29&page=4
147622,http://archiveofourown.org/works?utf8=%E2%9C%93&work_search%5Bsort_column%5D=kudos_count&work_search%5Bother_tag_names%5D=&work_search%5Bquery%5D=&work_search%5Blanguage_id%5D=1&work_search%5Bcomplete%5D=0&work_search%5Bcomplete%5D=1&commit=Sort+and+Filter&tag_id=Sherlock+%28TV%29&page=4
2095674,http://archiveofourown.org/works?utf8=%E2%9C%93&work_search%5Bsort_column%5D=kudos_count&work_search%5Bother_tag_names%5D=&work_search%5Bquery%5D=&work_search%5Blanguage_id%5D=1&work_search%5Bcomplete%5D=0&work_search%5Bcomplete%5D=1&commit=Sort+and+Filter&tag_id=Sherlock+%28TV%29&page=5
225656,http://archiveofourown.org/works?utf8=%E2%9C%93&work_search%5Bsort_column%5D=kudos_count&work_search%5Bother_tag_names%5D=&work_search%5Bquery%5D=&work_search%5Blanguage_id%5D=1&work_search%5Bcomplete%5D=0&work_search%5Bcomplete%5D=1&commit=Sort+and+Filter&tag_id=Sherlock+%28TV%29&page=5
334582,http://archiveofourown.org/works?utf8=%E2%9C%93&work_search%5Bsort_column%5D=kudos_count&work_search%5Bother_tag_names%5D=&work_search%5Bquery%5D=&work_search%5Blanguage_id%5D=1&work_search%5Bcomplete%5D=0&work_search%5Bcomplete%5D=1&commit=Sort+and+Filter&tag_id=Sherlock+%28TV%29&page=5
2379905,http://archiveofourown.org/works?utf8=%E2%9C%93&work_search%5Bsort_column%5D=kudos_count&work_search%5Bother_tag_names%5D=&work_search%5Bquery%5D=&work_search%5Blanguage_id%5D=1&work_search%5Bcomplete%5D=0&work_search%5Bcomplete%5D=1&commit=Sort+and+Filter&tag_id=Sherlock+%28TV%29&page=5
13310898,http://archiveofourown.org/works?utf8=%E2%9C%93&work_search%5Bsort_column%5D=kudos_count&work_search%5Bother_tag_names%5D=&work_search%5Bquery%5D=&work_search%5Blanguage_id%5D=1&work_search%5Bcomplete%5D=0&work_search%5Bcomplete%5D=1&commit=Sort+and+Filter&tag_id=Sherlock+%28TV%29&page=5
331636,http://archiveofourown.org/works?utf8=%E2%9C%93&work_search%5Bsort_column%5D=kudos_count&work_search%5Bother_tag_names%5D=&work_search%5Bquery%5D=&work_search%5Blanguage_id%5D=1&work_search%5Bcomplete%5D=0&work_search%5Bcomplete%5D=1&commit=Sort+and+Filter&tag_id=Sherlock+%28TV%29&page=5
1281496,http://archiveofourown.org/works?utf8=%E2%9C%93&work_search%5Bsort_column%5D=kudos_count&work_search%5Bother_tag_names%5D=&work_search%5Bquery%5D=&work_search%5Blanguage_id%5D=1&work_search%5Bcomplete%5D=0&work_search%5Bcomplete%5D=1&commit=Sort+and+Filter&tag_id=Sherlock+%28TV%29&page=5
1185555,http://archiveofourown.org/works?utf8=%E2%9C%93&work_search%5Bsort_column%5D=kudos_count&work_search%5Bother_tag_names%5D=&work_search%5Bquery%5D=&work_search%5Blanguage_id%5D=1&work_search%5Bcomplete%5D=0&work_search%5Bcomplete%5D=1&commit=Sort+and+Filter&tag_id=Sherlock+%28TV%29&page=5
589955,http://archiveofourown.org/works?utf8=%E2%9C%93&work_search%5Bsort_column%5D=kudos_count&work_search%5Bother_tag_names%5D=&work_search%5Bquery%5D=&work_search%5Blanguage_id%5D=1&work_search%5Bcomplete%5D=0&work_search%5Bcomplete%5D=1&commit=Sort+and+Filter&tag_id=Sherlock+%28TV%29&page=5
4311711,http://archiveofourown.org/works?utf8=%E2%9C%93&work_search%5Bsort_column%5D=kudos_count&work_search%5Bother_tag_names%5D=&work_search%5Bquery%5D=&work_search%5Blanguage_id%5D=1&work_search%5Bcomplete%5D=0&work_search%5Bcomplete%5D=1&commit=Sort+and+Filter&tag_id=Sherlock+%28TV%29&page=5
615118,http://archiveofourown.org/works?utf8=%E2%9C%93&work_search%5Bsort_column%5D=kudos_count&work_search%5Bother_tag_names%5D=&work_search%5Bquery%5D=&work_search%5Blanguage_id%5D=1&work_search%5Bcomplete%5D=0&work_search%5Bcomplete%5D=1&commit=Sort+and+Filter&tag_id=Sherlock+%28TV%29&page=5
361121,http://archiveofourown.org/works?utf8=%E2%9C%93&work_search%5Bsort_column%5D=kudos_count&work_search%5Bother_tag_names%5D=&work_search%5Bquery%5D=&work_search%5Blanguage_id%5D=1&work_search%5Bcomplete%5D=0&work_search%5Bcomplete%5D=1&commit=Sort+and+Filter&tag_id=Sherlock+%28TV%29&page=5
9182254,http://archiveofourown.org/works?utf8=%E2%9C%93&work_search%5Bsort_column%5D=kudos_count&work_search%5Bother_tag_names%5D=&work_search%5Bquery%5D=&work_search%5Blanguage_id%5D=1&work_search%5Bcomplete%5D=0&work_search%5Bcomplete%5D=1&commit=Sort+and+Filter&tag_id=Sherlock+%28TV%29&page=5
445669,http://archiveofourown.org/works?utf8=%E2%9C%93&work_search%5Bsort_column%5D=kudos_count&work_search%5Bother_tag_names%5D=&work_search%5Bquery%5D=&work_search%5Blanguage_id%5D=1&work_search%5Bcomplete%5D=0&work_search%5Bcomplete%5D=1&commit=Sort+and+Filter&tag_id=Sherlock+%28TV%29&page=5
341311,http://archiveofourown.org/works?utf8=%E2%9C%93&work_search%5Bsort_column%5D=kudos_count&work_search%5Bother_tag_names%5D=&work_search%5Bquery%5D=&work_search%5Blanguage_id%5D=1&work_search%5Bcomplete%5D=0&work_search%5Bcomplete%5D=1&commit=Sort+and+Filter&tag_id=Sherlock+%28TV%29&page=5
391445,http://archiveofourown.org/works?utf8=%E2%9C%93&work_search%5Bsort_column%5D=kudos_count&work_search%5Bother_tag_names%5D=&work_search%5Bquery%5D=&work_search%5Blanguage_id%5D=1&work_search%5Bcomplete%5D=0&work_search%5Bcomplete%5D=1&commit=Sort+and+Filter&tag_id=Sherlock+%28TV%29&page=5
990555,http://archiveofourown.org/works?utf8=%E2%9C%93&work_search%5Bsort_column%5D=kudos_count&work_search%5Bother_tag_names%5D=&work_search%5Bquery%5D=&work_search%5Blanguage_id%5D=1&work_search%5Bcomplete%5D=0&work_search%5Bcomplete%5D=1&commit=Sort+and+Filter&tag_id=Sherlock+%28TV%29&page=5
1214155,http://archiveofourown.org/works?utf8=%E2%9C%93&work_search%5Bsort_column%5D=kudos_count&work_search%5Bother_tag_names%5D=&work_search%5Bquery%5D=&work_search%5Blanguage_id%5D=1&work_search%5Bcomplete%5D=0&work_search%5Bcomplete%5D=1&commit=Sort+and+Filter&tag_id=Sherlock+%28TV%29&page=5
1665575,http://archiveofourown.org/works?utf8=%E2%9C%93&work_search%5Bsort_column%5D=kudos_count&work_search%5Bother_tag_names%5D=&work_search%5Bquery%5D=&work_search%5Blanguage_id%5D=1&work_search%5Bcomplete%5D=0&work_search%5Bcomplete%5D=1&commit=Sort+and+Filter&tag_id=Sherlock+%28TV%29&page=5
799184,http://archiveofourown.org/works?utf8=%E2%9C%93&work_search%5Bsort_column%5D=kudos_count&work_search%5Bother_tag_names%5D=&work_search%5Bquery%5D=&work_search%5Blanguage_id%5D=1&work_search%5Bcomplete%5D=0&work_search%5Bcomplete%5D=1&commit=Sort+and+Filter&tag_id=Sherlock+%28TV%29&page=5
